{"name":"Mr. IBU - Uganda Business Directory","short_name":"Mr. IBU","description":"AI Powered Business Directory for Uganda - Helps businesses advertise themselves and customers find and discover local businesses across all regions of Uganda","id":"/","start_url":"/","scope":"/","display":"standalone","display_override":["window-controls-overlay","standalone"],"background_color":"#121212","theme_color":"#121212","categories":["business","productivity","utilities","directory"],"prefer_related_applications":false,"lang":"en","dir":"ltr","icons":[{"src":"/favicon-16x16.png","sizes":"16x16","type":"image/png","purpose":"any"},{"src":"/favicon-32x32.png","sizes":"32x32","type":"image/png","purpose":"any"},{"src":"/apple-touch-icon.png","sizes":"180x180","type":"image/png","purpose":"any"},{"src":"/android-chrome-192x192.png","sizes":"192x192","type":"image/png","purpose":"any"},{"src":"/android-chrome-512x512.png","sizes":"512x512","type":"image/png","purpose":"any"},{"src":"/android-chrome-192x192.png","sizes":"192x192","type":"image/png","purpose":"maskable"},{"src":"/android-chrome-512x512.png","sizes":"512x512","type":"image/png","purpose":"maskable"}],"screenshots":[{"src":"/android-chrome-512x512.png","sizes":"512x512","type":"image/png","form_factor":"narrow","label":"Mr. IBU Business Directory Homepage"}],"shortcuts":[{"name":"Contact us","short_name":"Contact","description":"Ask us about verification","url":"/About","icons":[{"src":"/favicon-32x32.png","sizes":"32x32","type":"image/png"}]},{"name":"AI Chat","short_name":"Chat","description":"Chat with AI about businesses","url":"/chat","icons":[{"src":"/favicon-32x32.png","sizes":"32x32","type":"image/png"}]},{"name":"Dashboard","short_name":"Dashboard","description":"Manage your business listings","url":"/dashboard","icons":[{"src":"/favicon-32x32.png","sizes":"32x32","type":"image/png"}]}],"edge_side_panel":{"preferred_width":400}}